SITEID,ID_STATUS,SITE_NAME,LATITUDE,LONGITUDE,ELEV,PREF_UNITS,BIOME,ID_REGION,ID_COUNTRY,ID_SITE_TY,WATER_DEPT,ID_BASIN_S,ID_CATCH_S,ID_LANDS_D,LOCAL_VEG,REGIONAL_V,FLOW,HAVE_PUB,DATING_TYP,Record_Sou,AGE_MODEL,DATA_SOURC,DATABASE,PROJECT,Published,VERSION
771,BART,Braamhoek,-28.23,29.58,1700,100P,15,AFRI,SOAF,TFEN,0,LARG,MEDI,LOPL,Drakensberg Mountains,"South African grassland, interior veld type",INOU,1,CALO,Norstrom(mjp),AUTH,AUTH,NOTA,South Africa,0,GCD2
280,BART,Craigrossie,-28.54,28.46,112,CPRA,13,AFRI,SOAF,NOTK,0,NOTK,NOTK,NOTK,NOTK,NOTK,NOTK,1,RADI,Scott 2002,SMSP,AUTH,NOTA,,0,GCD2
1462,BART,De Rif-1,-32.45,19.22,-9999,XPEE,0,,SOAF,,0,,,,,,,0,,Quick et al. 2011,AUTH,AUTH,,South Africa,0,
1463,BART,De Rif-2,-32.45,19.22,-9999,XPEE,0,,SOAF,,0,,,,,,,0,,Quick et al. 2011,AUTH,AUTH,,South Africa,0,
1461,BART,Eilandvlei lake,-34,22.63,-9999,G10I,0,,SOAF,,0,,,,,,,0,,Quick et al. 2015,AUTH,AUTH,,South Africa,0,
378,BART,Elim,-28.48,28.41,1757,CPRA,6,AFRI,SOAF,LACU,1,SMAL,SMAL,LRVA,grassland,grassland,NOTK,1,RADI,,POLY,DIGI,NOTA,,0,GCD1
600,BART,Funduzi,-22.86,30.3,429,XFRG,13,AFRI,SOAF,LACU,0,NOTK,NOTK,NOTK,NOTK,NOTK,NOTK,0,CALS,Scott et al. JQS,SMSP,DIGI,NOTA,,0,GCD2
1474,BART,Groenkloof,-30.35,18.12,1266,C150,0,AFRI,SOAF,,0,,,,,,,1,,MacPherson et al. 2019,,AUTH,,South Africa,0,
1473,BART,Katbakkies Pass,-32.89,19.56,1140,NOTK,0,,,,0,,,,,,,0,,,,AUTH,,South Africa,0,
598,BART,Lake Sibaya,-27.21,32.61,20,GT12,13,AFRI,SOAF,LNAT,15,VELG,LARG,COPL,Cyperaceace-dominated,the Savanna and Indian Ocean Coastal Belt Biome,NOTK,1,RADI,Frank Neumann (mjp),SMSP,AUTH,NOTA,,0,GCD2
335,BART,Lake Teza,-28.51,32.3,8,CPRA,27,AFRI,SOAF,LACU,0,MEDI,SMAL,LOPL,Bushveld savanna,Woody Savanna,INON,1,RADI,,POLY,DIGI,NOTA,,0,GCD1
1481,BART,Mahaqwa,-29.79,29.72,1800,CPRA,0,AFRI,SOAF,,0,,,,,,,1,,Neumann et al 2014,,DIGI,,South Africa,0,
774,BART,Moreletta River,-25.73,28.3,417,XFRG,3,AFRI,SOAF,NOTK,0,NOTK,NOTK,NOTK,,,NOTK,1,RADI,Scott (2002)(mjp),LINE,AUTH,NOTA,,0,GCD2
775,BART,Pakhuis Pass,-32.1,19.01,460,OTHE,14,AFRI,SOAF,TERR,0,NOTK,NOTK,NOTK,Asteraceae Fynbos,Dry mountain fynbos,NOTK,0,NOTK,L. Scott,AUTH,AUTH,NOTA,,0,GCD2
1459,BART,Pearly Beach,-34.67,19.52,-9999,G10I,0,,SOAF,,0,,,,,,,0,,LJ Quick (unpub),AUTH,AUTH,,South Africa,0,
1482,BART,Pella 1_1,-29,19.14,490,CPRA,0,AFRI,SOAF,,0,,,,,,,0,,,,,,,0,
1477,BART,Pella 1_4a,-29,19.14,490,CPRA,0,AFRI,SOAF,,0,,,,,,,1,,Lim et al 2016,,DIGI,,South Africa,0,
1475,BART,Platbos 1,-33.94,23.57,253,CPRA,0,AFRI,SOAF,,0,,,,,,,1,,MacPherson et al. 2019,,AUTH,,South Africa,0,
1472,BART,Princessvlei,-34.05,18.48,6,SQG5,0,AFRI,SOAF,,0,,,,,,,0,,Neumann et al 2011,OTHE,DIGI,,South Africa,1,
322,BART,Rietvlei Dam,-25.88,28.27,112,CPRA,13,AFRI,SOAF,NOTK,0,NOTK,NOTK,NOTK,NOTK,NOTK,NOTK,1,RADI,Scott (2002),SMSP,RAW0,NOTA,NOTA,0,GCD2
1460,BART,Rietvlei Wetland,-34.37,21.53,-9999,G10I,0,,SOAF,,0,,,,,,,0,,Quick et al. 2015,AUTH,AUTH,,South Africa,0,
1479,BART,Scot's Farm Borehole 1,-22.96,29.4,823,CPRA,0,AFRI,SOAF,,0,,,,,,,1,,"Scott 2002, 1983",,AUTH,,South Africa,0,
1480,BART,Tate Vondo,-22.86,30.31,880,CPRA,0,AFRI,SOAF,,0,,,,,,,1,,Scott 2002,,AUTH,,South Africa,0,
1476,BART,Tswaing Crater,-25.41,28.08,1060,CPRA,0,AFRI,SOAF,,0,,,,,,,1,,Scott 2002,,AUTH,,South Africa,0,
1478,BART,Vankervelsvlei,-34.01,22.9,230,CPRA,0,AFRI,SOAF,,0,,,,,,,1,,Quick et al. 2016,,AUTH,,South Africa,0,
1458,BART,Verlorenvlei,-32.35,18.43,-9999,G10I,0,,SOAF,,0,,,,,,,0,,LJ Quick (unpub),AUTH,AUTH,,South Africa,0,
455,BART,Wonderkrater borehole 3,-24.43,28.75,1100,CHRX,15,AFRI,SOAF,TMIR,-9999,VESM,SMAL,ROUP,Savanna,Savanna,NOTK,0,CALO,,POLY,DIGI,NOTA,,0,GCD1
